name,url,license,download_date,purpose,stage,preprocessing
BDD100K,https://doc.bdd100k.com/,"UC Berkeley 자체 라이선스: 교육/연구/비영리 무료, 상업적 사용은 BDD/BAIR Commons 회원 한정 (코드 저장소 자체는 BSD-3-Clause이나 영상/라벨 데이터는 별도 라이선스)",,"Stage3 ego-motion 후보 (GPS+IMU 融合, CAN 조향각 없음) / Stage1·2 대시캠 소스로도 검토 가능",stage3,"info.json의 course/speed로 accel_label 도출 가능, steer_label은 heading 변화율로 근사(CAN 대비 정밀도 낮음)"
comma2k19 (예제 세그먼트 1개),https://github.com/commaai/comma2k19,MIT License (저장소 루트 LICENSE 파일 원문 확인),2026-09-13,검증용 실측 다운로드 완료 - data/external/comma2k19_example/ 참고,stage3,"실제 60초 세그먼트로 sync.py/labeling.py 로직 검증. speed value는 (N,1) shape이라 squeeze 필요함을 실측으로 확인"
comma2k19 (전체 2019 세그먼트),https://academictorrents.com/details/65a2fbc964078aff62076ff4e103f18b951c5ddb ; https://huggingface.co/datasets/commaai/comma2k19,MIT License (Academic Torrents 페이지·HuggingFace dataset card YAML metadata·GitHub LICENSE 3곳 모두 MIT로 일치 확인 - 상업적 사용도 허용),,"Stage3 1순위 후보 - 실제 CAN steering_angle(deg)·speed(m/s)·wheel speed 포함. 전체 94.6GB(Chunk_1~10.zip, 각 ~9GB) - 아직 미다운로드",stage3,"CAN speed 미분→accel_label 임계값 분류, steering_angle 임계값→steer_label 분류. 33시간/2019 세그먼트. 1개 chunk(~9GB)만 먼저 받아 EXP-S3-LABEL-002로 검증 예정"
nuScenes (CAN bus expansion),https://www.nuscenes.org/ ; https://github.com/nutonomy/nuscenes-devkit,CC BY-NC-SA 4.0 (비영리 전용),,Stage3 후보 - CAN bus expansion에 steering angle feedback(rad)·wheel speed·throttle·brake·IMU 포함,stage3,CAN bus expansion이 전체 scene이 아닌 일부 scene에만 존재 - 사용 전 커버리지(포함 scene 목록) 확인 필수
A2D2,https://www.a2d2.audi/en/ ; https://registry.opendata.aws/aev-a2d2/,"CC BY-ND 4.0 (상업적 사용도 허용, 변경물 재배포 시 원본 유지 조건)",,Stage3 후보 - bus 데이터에 steering wheel angle·throttle·brake·가감속 직접 포함. 조사한 후보 중 라이선스가 가장 유연,stage3,JSON bus 신호의 타임스탬프를 프레임 타임스탬프와 정렬 후 임계값으로 accel_label/steer_label 도출
KITTI,https://www.cvlibs.net/datasets/kitti/,CC BY-NC-SA 3.0 (비영리 전용),,"Stage3 보조 후보 - OXTS(GPS/IMU, 100Hz)로 속도·가속도·yaw rate 제공. 조향각 원값은 없음",stage3,"가속도는 직접 사용, steer_label은 yaw rate 임계값으로 근사. 전체 주행거리가 짧아 comma2k19/A2D2보다 규모 작음"
Waymo Open Dataset (Motion / WOD-E2E),https://waymo.com/open/,"자체 비영리 라이선스. 연구·출판·벤치마킹 목적 허용. 차량 운행·Production System 적용 금지. ""litigation, licensing, or enforcement"" 목적을 비영리 목적에서 명시적으로 제외",,"Stage3 후보 - Motion/WOD-E2E가 ego pose·velocity·acceleration을 직접 제공, 신호 품질은 최상급",stage3,**법적 검토 필요**: 본 대회는 국립과학수사연구원(포렌식) 주관 고의사고 분석 과업이라 최종 활용 목적이 라이선스의 enforcement/litigation 제외 조항에 저촉될 위험이 있음. 사용 전 주최측 또는 법무 확인 전까지 보류 권장
Honda Research Institute Driving Dataset (HDD),https://usa.honda-ri.com/hdd,비영리 연구용. 신청 시 대학 소속 이메일 필요,,Stage3 후보 - CAN throttle·brake pressure·steering angle·yaw rate·speed 직접 제공,stage3,팀 내 대학 소속 이메일 보유자 필요 - 접근성부터 확인. 신청 후 승인 대기시간 고려
D²-City,https://outreach.didichuxing.com/d2city/d2city,확인 불가 - 공식 다운로드 페이지가 내부 IP로 리다이렉트되어 이번 조사에서는 라이선스 원문 확인 실패,,"Stage1/2 후보(중국 대시캠, 다양한 교통 시나리오). CAN/조향 신호가 없어 Stage3 라벨 생성에는 부적합",stage1_stage2,페이지 접속 자체가 불안정 - 재접속 및 라이선스 재확인 필요. 확인 전까지 사용 보류
Udacity Self Driving Car Dataset (Challenge #2),https://github.com/udacity/self-driving-car,데이터셋 MIT License (상업적 사용 허용) - 저장소는 2021-11-25 archived,,Stage3 후보 - driving_log.csv에 steering angle·throttle·brake·speed 직접 포함. 라이선스가 가장 단순,stage3,"규모가 comma2k19 대비 작음. 저장소가 archived라 다운로드 경로(용량 183~223GB, 분할 배포) 재확인 필요"
"comma2k19 (HuggingFace demo parquet, 64세그먼트/21route)",https://huggingface.co/datasets/commaai/comma2k19 (data/demo-*.parquet),"MIT (comma2k19과 동일 라이선스, HF dataset card 확인)",2026-09-14,"EXP-S3-LABEL-002 실행 완료 - CAN/IMU/pose 전체 제공, 실제 영상(전체 프레임)은 없고 preview 1장만 있음. data/external/comma2k19_demo64/ 참고",stage3,전체 94.6GB raw_data/Chunk_*.zip 대신 이 경량(~228MB) parquet mirror로 64개 실제 세그먼트의 dense label/class distribution/gyro cross-check를 전부 검증함 - 9GB급 다운로드 없이 pipeline 검증 완료
