vid,manual_side,manual_evasion,entry_offset,note
000030,RIGHT,1,-5,"교차로, 흰 차가 우측에서 좌로 횡단"
000076,RIGHT,1,-7,"눈길, 빨간 차 우측에서 회전하며 진입"
000142,LEFT,1,-7,대향차선(좌)에서 정면으로 접근
000150,RIGHT,0,-7,"우측 트롤리버스가 차선으로 진입, 좌측 차량 있음"
000152,RIGHT,1,-8,우측에서 흰 SUV 합류
000169,,1,,"앞 트럭 추돌(차선 내), 방향 불명"
000175,LEFT,1,-8,덤프트럭 좌측에서 횡단 진입
000176,,1,,앞차 정차 추돌(차선 내)
000308,RIGHT,0,-5,"우측 차선 은색 차 끼어들기, 좌측 벽"
000342,LEFT,1,-7,파란 트럭 좌측에서 우리 차선으로
000462,LEFT,1,-6,교차로 흰 미니밴 좌측에서 횡단
000481,LEFT,1,-5,대향차선(좌) SUV 정면 접근
000511,LEFT,1,-7,야간 대향차 헤드라이트 좌측에서 정면
000576,LEFT,1,-8,흰 라다 좌측에서 횡단
000612,LEFT,0,-6,"좌측 차선 SUV 끼어들기, 우측 정체"
000628,,0,,정체 중 앞차 추돌
000643,,0,,"앞 트럭 정차 추돌, 눈길 좁음"
000673,LEFT,1,-6,"오토바이 캠, 미니가 좌측에서 횡단"
000683,,0,,"저속 앞차 추돌(후진?), 좁은 길"
000703,RIGHT,1,-5,"우측 차선 흰 SUV 끼어들기, 좌측 차선 비어있음"
000706,LEFT,0,-6,"좌측(대향)에서 흰 밴 진입, 우측 주차차량"
000728,LEFT,1,-6,교차로 흰 VW 좌측에서 횡단
000750,RIGHT,1,-18,"검은 SUV 우측에서 횡단, CCD onset이 실제 접촉(-14)보다 늦음"
000770,LEFT,1,-7,좌측 차선 검은 차 우측으로 차선변경 진입
000831,LEFT,0,-7,"대향 노란 트럭이 좌측에서 우리 차선으로, 우측 담장"
000941,LEFT,1,-7,좌측 갓길/샛길에서 포드 진입
000970,,0,,터널 앞차 급정거 추돌
000995,,1,,"변화 미미, 우측 주차차량 접촉 추정(불확실)"
001088,LEFT,0,-5,"눈길 대향 노란 트럭 좌측에서 침범, 우측 검은 차"
001122,,1,,눈길 앞차 급정거 추돌
001146,LEFT,1,-7,교차로 검은 라다 좌측에서 횡단(스핀)
001195,RIGHT,0,-8,"야간 우측 차선 픽업이 접근/정지, 좌측 방호벽"
001237,LEFT,1,-7,흰 트럭 좌측에서 횡단 회전
001248,LEFT,1,-7,흰 VW 좌측에서 횡단
001253,RIGHT,1,-8,"오토바이 캠, 우측 차선 흰 차 끼어들기"
001330,LEFT,1,-6,황혼 대향 흰 차 좌측에서 정면 접근
001376,,1,,"비 오는 고속도로, 앞차 추돌 추정(불명확)"
001400,RIGHT,1,-5,야간 검은 차 우측에서 횡단
001423,,0,,좁은 골목 흰 밴 정면(후진) 접촉
001469,LEFT,0,-5,"설산 도로 대향차 좌측에서 침범, 좁은 길"
