vid,onset,side_track,side_move,x0,x1,growth,wmax_L1,side_a,side_b,side_b_inv,manual_side,manual_evasion,uncertain
000011,43,RIGHT,LEFT,0.5699999928474426,0.7599999904632568,23.0,0.1500000059604644,LEFT,LEFT,RIGHT,RIGHT,1.0,False
000056,39,,,,,,0.0,RIGHT,RIGHT,LEFT,RIGHT,0.0,False
000139,30,LEFT,LEFT,0.3199999928474426,0.3799999952316284,0.800000011920929,0.1099999994039535,RIGHT,LEFT,RIGHT,RIGHT,0.0,True
000155,40,LEFT,RIGHT,0.3000000119209289,0.1800000071525573,3.5,0.0,LEFT,RIGHT,LEFT,LEFT,1.0,False
000281,39,RIGHT,RIGHT,0.5099999904632568,0.5,0.8999999761581421,0.0299999993294477,RIGHT,LEFT,RIGHT,LEFT,1.0,False
000359,37,,,,,,0.0,LEFT,LEFT,RIGHT,RIGHT,1.0,False
000362,33,LEFT,RIGHT,0.3000000119209289,0.2000000029802322,7.5,0.1899999976158142,RIGHT,RIGHT,LEFT,LEFT,1.0,False
000382,47,LEFT,RIGHT,0.3799999952316284,0.3199999928474426,1.899999976158142,0.0,RIGHT,LEFT,RIGHT,LEFT,,True
000398,32,LEFT,RIGHT,0.1500000059604644,0.0700000002980232,0.6000000238418579,0.0,LEFT,RIGHT,LEFT,RIGHT,0.0,False
000454,35,LEFT,LEFT,0.1800000071525573,0.1899999976158142,7.099999904632568,0.0900000035762786,LEFT,RIGHT,LEFT,LEFT,1.0,False
000630,34,LEFT,LEFT,0.4799999892711639,0.5299999713897705,10.0,0.0,RIGHT,LEFT,RIGHT,RIGHT,1.0,False
000666,45,RIGHT,LEFT,0.6800000071525574,0.8299999833106995,4.099999904632568,0.3000000119209289,RIGHT,LEFT,RIGHT,RIGHT,1.0,False
000754,46,,,,,,0.0,LEFT,RIGHT,LEFT,RIGHT,1.0,False
000838,31,RIGHT,RIGHT,0.7900000214576721,0.4199999868869781,24.200000762939453,0.0399999991059303,RIGHT,LEFT,RIGHT,RIGHT,1.0,False
000977,43,LEFT,LEFT,0.4799999892711639,0.5299999713897705,1.600000023841858,0.4300000071525574,RIGHT,RIGHT,LEFT,,0.0,False
001125,45,LEFT,RIGHT,0.3600000143051147,0.1500000059604644,5.599999904632568,0.0,RIGHT,RIGHT,LEFT,LEFT,1.0,False
001166,34,LEFT,RIGHT,0.4300000071525574,0.3400000035762787,2.700000047683716,0.0599999986588954,LEFT,RIGHT,LEFT,LEFT,1.0,False
001199,34,RIGHT,RIGHT,0.9100000262260436,0.8999999761581421,1.100000023841858,0.1800000071525573,LEFT,RIGHT,LEFT,LEFT,0.0,True
001201,37,RIGHT,LEFT,0.5400000214576721,0.6700000166893005,39.0,0.4799999892711639,LEFT,RIGHT,LEFT,LEFT,1.0,False
001270,46,LEFT,LEFT,0.3700000047683716,0.5,18.200000762939453,1.0,LEFT,LEFT,RIGHT,RIGHT,1.0,False
001301,31,LEFT,LEFT,0.4900000095367431,0.6899999976158142,15.899999618530272,0.3100000023841858,RIGHT,RIGHT,LEFT,RIGHT,1.0,False
001341,39,RIGHT,LEFT,0.5699999928474426,0.6899999976158142,17.200000762939453,0.2599999904632568,RIGHT,RIGHT,LEFT,LEFT,1.0,False
001364,30,LEFT,RIGHT,0.4900000095367431,0.4799999892711639,2.200000047683716,0.4199999868869781,LEFT,RIGHT,LEFT,RIGHT,1.0,False
001496,45,LEFT,RIGHT,0.3100000023841858,0.209999993443489,4.800000190734863,0.2300000041723251,RIGHT,RIGHT,LEFT,RIGHT,0.0,False
