vid,manual_side,manual_evasion,src
000099,LEFT,1,v4
000408,LEFT,1,v4
000046,,0,v4
000862,LEFT,1,v4
000708,,0,v4
001193,,0,v4
000965,LEFT,1,v4
001189,LEFT,0,v4
000989,LEFT,1,v4
000873,LEFT,1,v4
000301,LEFT,1,v4
000141,LEFT,1,v4
000508,LEFT,1,v4
000468,LEFT,1,v4
000543,,1,v4
000315,LEFT,0,v4
000974,LEFT,1,v4
000813,,0,v4
000937,LEFT,1,v4
000006,LEFT,1,v4
000619,,0,v4
001428,LEFT,1,v4
001280,,0,v4
000692,LEFT,0,v4
000259,,0,v4
000503,LEFT,1,v4
000016,LEFT,1,v4
000722,LEFT,1,v4
001323,,1,v4
001149,,0,v4
001260,,0,v4
000129,LEFT,1,v4
