vid,entry_offset,src
000030,-5.0,v1v2
000076,-7.0,v1v2
000142,-7.0,v1v2
000150,-7.0,v1v2
000152,-8.0,v1v2
000175,-8.0,v1v2
000308,-5.0,v1v2
000342,-7.0,v1v2
000462,-6.0,v1v2
000481,-5.0,v1v2
000511,-7.0,v1v2
000576,-8.0,v1v2
000612,-6.0,v1v2
000673,-6.0,v1v2
000703,-5.0,v1v2
000706,-6.0,v1v2
000728,-6.0,v1v2
000750,-18.0,v1v2
000770,-7.0,v1v2
000831,-7.0,v1v2
000941,-7.0,v1v2
001088,-5.0,v1v2
001146,-7.0,v1v2
001195,-8.0,v1v2
001237,-7.0,v1v2
001248,-7.0,v1v2
001253,-8.0,v1v2
001330,-6.0,v1v2
001400,-5.0,v1v2
001469,-5.0,v1v2
000011,-5.0,v3
000139,-11.0,v3
000155,-7.0,v3
000281,-8.0,v3
000359,-5.0,v3
000362,-4.0,v3
000398,-8.0,v3
000454,-7.0,v3
000630,-5.0,v3
000666,-5.0,v3
000754,-6.0,v3
000838,-7.0,v3
001125,-5.0,v3
001166,-7.0,v3
001201,-4.0,v3
001270,-4.0,v3
001301,-3.0,v3
001341,-4.0,v3
001364,-7.0,v3
001496,-6.0,v3
000169,-5.0,v3
000643,-9.0,v3
000970,-4.0,v3
000995,-4.0,v3
001122,-8.0,v3
001423,-6.0,v3
000907,-5.0,v3
001475,-5.0,v3
000818,-3.0,v3
000722,-5.0,v3
001007,-7.0,v3
000220,-4.0,v3
000441,-5.0,v3
000386,-7.0,v3
000827,-5.0,v3
000737,-7.0,v3
000656,-8.0,v3
000650,-6.0,v3
001370,-7.0,v3
000305,-4.0,v3
000815,-7.0,v3
000115,-7.0,v3
000402,-5.0,v3
001485,-5.0,v3
