vid,manual_side,manual_evasion,entry_offset,src
000011,RIGHT,1.0,,v1
000056,RIGHT,0.0,,v1
000139,RIGHT,0.0,,v1
000155,LEFT,1.0,,v1
000281,LEFT,1.0,,v1
000359,RIGHT,1.0,,v1
000362,LEFT,1.0,,v1
000382,LEFT,,,v1
000398,RIGHT,0.0,,v1
000454,LEFT,1.0,,v1
000630,RIGHT,1.0,,v1
000666,RIGHT,1.0,,v1
000754,RIGHT,1.0,,v1
000838,RIGHT,1.0,,v1
000977,,0.0,,v1
001125,LEFT,1.0,,v1
001166,LEFT,1.0,,v1
001199,LEFT,0.0,,v1
001201,LEFT,1.0,,v1
001270,RIGHT,1.0,,v1
001301,RIGHT,1.0,,v1
001341,LEFT,1.0,,v1
001364,RIGHT,1.0,,v1
001496,RIGHT,0.0,,v1
000030,RIGHT,1.0,-5.0,v2
000076,RIGHT,1.0,-7.0,v2
000142,LEFT,1.0,-7.0,v2
000150,RIGHT,0.0,-7.0,v2
000152,RIGHT,1.0,-8.0,v2
000169,,1.0,,v2
000175,LEFT,1.0,-8.0,v2
000176,,1.0,,v2
000308,RIGHT,0.0,-5.0,v2
000342,LEFT,1.0,-7.0,v2
000462,LEFT,1.0,-6.0,v2
000481,LEFT,1.0,-5.0,v2
000511,LEFT,1.0,-7.0,v2
000576,LEFT,1.0,-8.0,v2
000612,LEFT,0.0,-6.0,v2
000628,,0.0,,v2
000643,,0.0,,v2
000673,LEFT,1.0,-6.0,v2
000683,,0.0,,v2
000703,RIGHT,1.0,-5.0,v2
000706,LEFT,0.0,-6.0,v2
000728,LEFT,1.0,-6.0,v2
000750,RIGHT,1.0,-18.0,v2
000770,LEFT,1.0,-7.0,v2
000831,LEFT,0.0,-7.0,v2
000941,LEFT,1.0,-7.0,v2
000970,,0.0,,v2
000995,,1.0,,v2
001088,LEFT,0.0,-5.0,v2
001122,,1.0,,v2
001146,LEFT,1.0,-7.0,v2
001195,RIGHT,0.0,-8.0,v2
001237,LEFT,1.0,-7.0,v2
001248,LEFT,1.0,-7.0,v2
001253,RIGHT,1.0,-8.0,v2
001330,LEFT,1.0,-6.0,v2
001376,,1.0,,v2
001400,RIGHT,1.0,-5.0,v2
001423,,0.0,,v2
001469,LEFT,0.0,-5.0,v2
