vid,fold,onset,pred,err,hit,rank,p1,p2,gtwin,c2
000006,3,45,42,-3,True,0,0.42860764,0.24078085,0.42860764,38
000008,0,38,46,8,False,2,0.13238922,0.09614255,0.068146974,31
000009,0,35,37,2,True,0,0.41500768,0.17795254,0.41500768,33
000010,0,31,32,1,True,0,0.55249846,0.22732258,0.55249846,28
000011,0,43,45,2,True,0,0.534688,0.18884557,0.534688,41
000012,0,30,33,3,True,0,0.6019611,0.15747896,0.6019611,37
000013,4,45,46,1,True,0,0.17764324,0.13068642,0.20407695,42
000014,4,44,44,0,True,0,0.27702495,0.18441743,0.27702495,40
000015,4,49,46,-3,True,0,0.22021972,0.055503424,0.4556815,42
000016,4,42,41,-1,True,0,0.746188,0.19020246,0.746188,37
000017,0,47,46,-1,True,0,0.64295125,0.19205642,0.6444202,42
000018,0,40,42,2,True,0,0.47629735,0.18671307,0.47629735,38
000019,0,42,39,-3,True,0,0.5247451,0.23698701,0.5247451,43
000020,0,39,37,-2,True,0,0.47855568,0.27799746,0.47855568,33
000022,0,44,40,-4,False,1,0.3947792,0.23634882,0.39326203,44
000023,0,38,38,0,True,0,0.42109254,0.16067538,0.42109254,42
000024,0,32,31,-1,True,0,0.6968945,0.11009279,0.6968945,27
000025,4,33,32,-1,True,0,0.52404284,0.23472582,0.52404284,28
000026,4,36,39,3,True,0,0.508635,0.2096899,0.508635,43
000027,4,35,34,-1,True,0,0.40923503,0.20446981,0.40923503,30
000028,4,37,37,0,True,0,0.54118925,0.21048994,0.54118925,41
000029,3,35,36,1,True,0,0.3641113,0.26449716,0.3641113,40
000030,1,34,46,12,False,3,0.2283387,0.20284863,0.1351156,42
000031,1,32,30,-2,True,0,0.48782447,0.20581913,0.48782447,34
000034,1,41,39,-2,True,0,0.4872307,0.24608497,0.4872307,43
000035,1,48,46,-2,True,0,0.48701876,0.07979894,0.57822233,42
000036,1,46,45,-1,True,0,0.2537816,0.13107708,0.2537816,41
000037,1,34,34,0,True,0,0.77064645,0.12541002,0.77064645,30
000038,2,46,45,-1,True,0,0.32632357,0.16642857,0.32632357,41
000039,2,30,31,1,True,0,0.34775504,0.16395885,0.34775504,35
000040,2,31,30,-1,True,0,0.70319223,0.109763734,0.70319223,26
000041,2,46,45,-1,True,0,0.70883673,0.21354626,0.70883673,41
000042,2,35,39,4,False,1,0.46837237,0.16860521,0.42675722,35
000043,2,36,38,2,True,0,0.32094383,0.20943676,0.32094383,42
000044,2,34,34,0,True,0,0.52443093,0.1770042,0.52443093,30
000045,3,43,46,3,True,0,0.19107784,0.12894101,0.19107784,42
000046,3,38,38,0,True,0,0.40517232,0.19511652,0.40517232,34
000047,3,46,45,-1,True,0,0.69165,0.23854765,0.69165,41
000048,3,44,43,-1,True,0,0.13445811,0.070130296,0.13445811,39
000049,1,33,33,0,True,0,0.65853447,0.22100295,0.65853447,29
000050,1,38,42,4,False,2,0.2868334,0.16647595,0.27017438,46
000052,1,44,40,-4,False,1,0.41612005,0.19214535,0.39020815,44
000053,1,33,31,-2,True,0,0.53553134,0.21007226,0.53553134,35
000056,1,39,37,-2,True,0,0.38567868,0.19692272,0.38567868,41
000059,4,32,32,0,True,0,0.18855754,0.10517948,0.18855754,36
000060,4,31,35,4,False,1,0.24821238,0.14291386,0.23359771,31
000061,4,30,31,1,True,0,0.32971412,0.22091898,0.32971412,35
000062,4,43,45,2,True,0,0.36079332,0.22606395,0.36079332,41
000064,4,39,45,6,False,1,0.43092984,0.16344307,0.24419433,41
000065,4,39,45,6,False,1,0.6729939,0.31770658,0.47917357,41
000066,4,30,33,3,True,0,0.78519595,0.14214815,0.78519595,37
000068,4,38,42,4,False,2,0.24295789,0.22883901,0.194315,46
000069,4,43,46,3,True,0,0.7024879,0.16433507,0.7024879,42
000070,4,40,43,3,True,0,0.5107429,0.1390209,0.5107429,39
000076,4,30,31,1,True,0,0.64445156,0.14281493,0.64445156,35
000080,2,30,31,1,True,0,0.7411904,0.1373347,0.7411904,27
000081,2,30,43,13,False,3,0.36032414,0.2295928,0.03269124,39
000082,2,36,38,2,True,0,0.5172147,0.21553072,0.5172147,34
000083,2,35,36,1,True,0,0.54954535,0.182587,0.54954535,32
000084,2,42,36,-6,False,1,0.49611828,0.16876577,0.25887963,40
000085,2,30,30,0,True,0,0.49919406,0.14868334,0.49919406,26
000087,2,42,42,0,True,0,0.5220474,0.13206114,0.5220474,46
000088,2,39,40,1,True,0,0.53066766,0.1858219,0.53066766,44
000091,2,42,43,1,True,0,0.66295505,0.34680593,0.66295505,39
000092,4,31,33,2,True,0,0.79865396,0.120715626,0.79865396,29
000093,4,32,33,1,True,0,0.6924261,0.12866105,0.6924261,29
000094,4,30,30,0,True,0,0.6323321,0.107704885,0.6323321,26
000096,4,33,38,5,False,1,0.45535773,0.32847345,0.3868059,34
000098,4,41,33,-8,False,1,0.46302977,0.23033276,0.23033276,43
000099,4,34,36,2,True,0,0.6398329,0.18866324,0.6398329,32
000101,4,48,46,-2,True,0,0.11775065,0.0744297,0.2501559,42
000102,4,37,39,2,True,0,0.48902598,0.25294125,0.48902598,35
000103,4,30,38,8,False,4,0.23332073,0.15370144,0.10038779,42
000104,4,33,36,3,True,0,0.30154487,0.22735891,0.30154487,29
000105,4,31,36,5,False,1,0.22540604,0.1535103,0.2128673,32
000106,4,38,46,8,False,3,0.09992652,0.09583755,0.0941577,34
000107,4,44,46,2,True,0,0.5538258,0.17449498,0.57143,42
000108,4,36,34,-2,True,0,0.6979342,0.18230031,0.6979342,38
000109,4,30,28,-2,True,0,0.1277501,0.096555665,0.1277501,32
000112,4,43,44,1,True,0,0.5294788,0.22922991,0.5294788,40
000115,4,33,35,2,True,0,0.7003746,0.27289385,0.7003746,31
000116,4,35,36,1,True,0,0.6828417,0.20123863,0.6828417,32
000117,4,30,32,2,True,0,0.12973581,0.09897308,0.12973581,36
000121,4,33,36,3,True,0,0.4501837,0.14165665,0.4501837,32
000126,4,30,42,12,False,1,0.21516825,0.1789801,0.1789801,32
000127,4,30,36,6,False,1,0.43560955,0.18631844,0.26288274,32
000128,4,31,32,1,True,0,0.76034105,0.17526282,0.76034105,28
000129,4,40,40,0,True,0,0.6406476,0.19317137,0.6406476,36
000130,4,32,46,14,False,3,0.3170139,0.09941494,0.002585409,42
000131,4,31,36,5,False,2,0.20822592,0.13020389,0.17724478,40
000132,4,30,36,6,False,2,0.49787185,0.21661948,0.28685716,40
000133,4,36,46,10,False,4,0.48742893,0.12861189,0.053944923,42
000134,4,32,43,11,False,2,0.26122954,0.12644999,0.06538708,39
000136,4,35,36,1,True,0,0.37579086,0.14780745,0.37579086,32
000139,4,30,43,13,False,4,0.4489822,0.13889714,0.027300054,39
000140,4,32,33,1,True,0,0.5464453,0.16144647,0.5464453,29
000141,4,46,46,0,True,0,0.32356626,0.12822641,0.3503539,42
000142,4,30,31,1,True,0,0.55861545,0.10111738,0.55861545,27
000143,4,39,37,-2,True,0,0.45360982,0.21003385,0.45360982,41
000145,3,30,40,10,False,2,0.30295965,0.2320155,0.22297087,34
000150,3,40,40,0,True,0,0.4195162,0.1597657,0.4195162,36
000152,3,32,34,2,True,0,0.3937173,0.1892907,0.3937173,38
000154,3,38,38,0,True,0,0.46777686,0.20015162,0.46777686,42
000155,3,40,42,2,True,0,0.6215564,0.252448,0.6215564,46
000156,1,33,34,1,True,0,0.53125244,0.18731365,0.53125244,38
000160,1,39,41,2,True,0,0.5039394,0.22071758,0.5039394,37
000162,1,39,42,3,True,0,0.6727548,0.13634957,0.6727548,38
000163,1,34,36,2,True,0,0.274716,0.17826352,0.274716,32
000164,1,43,42,-1,True,0,0.66288465,0.17106119,0.66288465,46
000169,3,30,41,11,False,3,0.40677804,0.27706623,0.06976724,37
000171,3,30,37,7,False,1,0.6952691,0.22094987,0.22094987,33
000173,3,30,33,3,True,0,0.58304644,0.19465934,0.58304644,29
000174,0,30,36,6,False,1,0.6586643,0.20386821,0.3271627,32
000175,0,30,39,9,False,3,0.5695228,0.23899408,0.068048924,35
000176,0,30,36,6,False,1,0.510978,0.24949747,0.32622173,32
000177,0,30,33,3,True,0,0.42475912,0.15824169,0.42475912,37
000178,0,30,33,3,True,0,0.7856598,0.17050862,0.7856598,29
000180,0,30,39,9,False,3,0.3572221,0.25404605,0.08749298,43
000186,0,30,33,3,True,0,0.67161345,0.1626687,0.67161345,29
000189,0,30,33,3,True,0,0.367921,0.1725898,0.367921,29
000192,4,30,32,2,True,0,0.51574606,0.22788979,0.51574606,28
000195,4,30,31,1,True,0,0.6213912,0.216474,0.6213912,27
000196,2,30,36,6,False,1,0.70222175,0.18335567,0.30321738,32
000198,2,30,44,14,False,3,0.313936,0.19138694,0.019223804,40
000199,2,30,34,4,False,1,0.58670825,0.20749094,0.5834183,30
000200,2,30,34,4,False,1,0.64164245,0.12267866,0.5837042,30
000201,2,30,34,4,False,2,0.32769382,0.23187217,0.29810062,38
000203,2,30,33,3,True,0,0.60172087,0.28175548,0.60172087,29
000204,2,30,32,2,True,0,0.70238227,0.21139726,0.70238227,28
000205,2,30,33,3,True,0,0.5105285,0.24339823,0.5105285,29
000210,0,30,33,3,True,0,0.4729826,0.17987119,0.4729826,37
000213,0,30,33,3,True,0,0.7134871,0.14443892,0.7134871,29
000214,0,30,34,4,False,2,0.6176423,0.15166771,0.5300276,38
000216,0,30,36,6,False,2,0.5719785,0.2308155,0.2918927,40
000217,0,30,33,3,True,0,0.6432545,0.2231606,0.6432545,29
000218,1,30,43,13,False,3,0.6573743,0.16396284,0.026132643,39
000219,1,39,42,3,True,0,0.33358094,0.16085605,0.33358094,38
000220,1,37,36,-1,True,0,0.33003718,0.22270593,0.33003718,40
000222,1,31,30,-1,True,0,0.39362317,0.2361856,0.39362317,34
000223,1,32,39,7,False,1,0.21395136,0.12122862,0.12122862,35
000224,1,30,29,-1,True,0,0.4435663,0.11249132,0.4435663,33
000225,1,30,32,2,True,0,0.10915701,0.07555823,0.10915701,46
000226,1,36,36,0,True,0,0.20369586,0.12353469,0.20369586,40
000227,1,39,36,-3,True,0,0.3119673,0.197321,0.3119673,40
000228,1,47,46,-1,True,0,0.5657371,0.074216805,0.7006434,42
000229,1,39,41,2,True,0,0.6924456,0.20699926,0.6924456,37
000230,1,36,26,-10,False,3,0.49457458,0.18858276,0.026236605,30
000231,1,42,40,-2,True,0,0.63216674,0.2175333,0.63216674,36
000232,1,30,38,8,False,4,0.34838995,0.18929213,0.058328256,42
000233,1,42,36,-6,False,1,0.5331345,0.1914442,0.28438517,40
000234,1,31,30,-1,True,0,0.6519527,0.1297439,0.6519527,26
000235,1,31,31,0,True,0,0.7373235,0.10842214,0.7373235,27
000236,1,41,42,1,True,0,0.58166736,0.1807501,0.58166736,46
000237,1,48,46,-2,True,0,0.16401024,0.123572536,0.18427067,42
000241,3,31,30,-1,True,0,0.47809532,0.0881011,0.47809532,34
000245,3,30,28,-2,True,0,0.3900576,0.18760508,0.3900576,32
000246,3,30,31,1,True,0,0.5617258,0.2339866,0.5617258,27
000249,4,30,30,0,True,0,0.5562268,0.1032857,0.5562268,34
000250,4,35,29,-6,False,3,0.2882915,0.18512212,0.11997637,25
000253,4,30,30,0,True,0,0.1836884,0.08193786,0.1836884,46
000254,4,30,29,-1,True,0,0.4211073,0.18134636,0.4211073,33
000255,4,35,32,-3,True,0,0.4464892,0.18224612,0.4464892,28
000258,4,45,45,0,True,0,0.69407904,0.22340393,0.69407904,41
000259,4,37,32,-5,False,1,0.24058685,0.17883988,0.23287414,36
000260,3,36,34,-2,True,0,0.47832295,0.20419975,0.47832295,38
000262,3,38,46,8,False,1,0.13241003,0.11616673,0.11616673,36
000265,3,37,35,-2,True,0,0.3643801,0.15836951,0.3643801,39
000266,3,30,31,1,True,0,0.49892375,0.1685651,0.49892375,27
000271,3,43,43,0,True,0,0.64758235,0.2252018,0.64758235,39
000272,0,30,31,1,True,0,0.1525508,0.09735086,0.1525508,27
000273,0,34,32,-2,True,0,0.43001652,0.21036105,0.43001652,36
000274,0,39,37,-2,True,0,0.52630466,0.2587578,0.52630466,41
000275,0,45,43,-2,True,0,0.66554457,0.20238647,0.66554457,39
000276,0,30,32,2,True,0,0.27514678,0.20007247,0.27514678,36
000280,0,47,46,-1,True,0,0.62812424,0.12644355,0.6659994,42
000281,2,39,37,-2,True,0,0.54040825,0.18749289,0.54040825,33
000283,2,42,42,0,True,0,0.565052,0.1775343,0.565052,46
000287,2,34,35,1,True,0,0.17766073,0.13838398,0.17766073,46
000289,2,41,40,-1,True,0,0.6516327,0.24918589,0.6516327,36
000290,2,32,32,0,True,0,0.7364153,0.14601134,0.7364153,28
000291,0,33,34,1,True,0,0.61191267,0.18590292,0.61191267,38
000292,0,47,46,-1,True,0,0.66509646,0.08057319,0.7597714,42
000293,0,41,46,5,False,1,0.27472684,0.18102892,0.22847314,42
000294,0,39,41,2,True,0,0.3825091,0.2305448,0.3825091,37
000295,0,45,43,-2,True,0,0.20615157,0.16775894,0.20615157,38
000296,0,44,45,1,True,0,0.5696981,0.311113,0.5696981,41
000298,0,49,46,-3,True,0,0.19672069,0.033088006,0.47567368,42
000299,0,47,46,-1,True,0,0.44329503,0.07874718,0.57964855,42
000301,3,44,43,-1,True,0,0.21355408,0.09199849,0.21355408,39
000302,3,46,45,-1,True,0,0.5952601,0.17331316,0.5952601,41
000303,3,37,39,2,True,0,0.34570476,0.250578,0.34570476,35
000305,3,48,46,-2,True,0,0.61848694,0.10269193,0.71534103,42
000306,3,34,31,-3,True,0,0.68606746,0.10203305,0.68606746,27
000307,3,31,35,4,False,2,0.23165578,0.062911995,0.17058896,39
000308,3,32,43,11,False,1,0.115061685,0.10990482,0.10990482,29
000310,3,36,31,-5,False,1,0.45994714,0.1613883,0.33674702,35
000315,3,31,29,-2,True,0,0.37268102,0.16091871,0.37268102,33
000316,3,46,40,-6,False,2,0.586096,0.28641355,0.34416994,36
000317,3,33,35,2,True,0,0.17872125,0.0850228,0.17872125,43
000318,3,35,36,1,True,0,0.51430184,0.16961421,0.51430184,32
000319,3,49,40,-9,False,99,0.37388942,0.16089506,0.085835844,44
000320,3,44,45,1,True,0,0.36629713,0.28603142,0.36629713,41
000321,2,47,37,-10,False,3,0.34269783,0.18295032,0.13462204,41
000323,2,30,46,16,False,3,0.07989741,0.07705656,0.07342078,35
000324,2,33,31,-2,True,0,0.565627,0.13473065,0.565627,27
000326,2,30,28,-2,True,0,0.501582,0.13792743,0.501582,24
000329,2,40,42,2,True,0,0.37469128,0.19324593,0.37469128,38
000330,2,38,36,-2,True,0,0.40010694,0.30064222,0.40010694,32
000334,0,33,31,-2,True,0,0.65039366,0.2219162,0.65039366,27
000335,0,36,33,-3,True,0,0.4598217,0.21750745,0.4598217,29
000336,0,44,23,-21,False,1,0.146347,0.097214706,0.097214706,42
000337,0,31,30,-1,True,0,0.34612313,0.1698944,0.34612313,34
000339,0,38,36,-2,True,0,0.59920275,0.24709778,0.59920275,32
000340,0,32,27,-5,False,2,0.43484086,0.17288686,0.2769509,23
000342,3,37,37,0,True,0,0.50538886,0.25166,0.50538886,33
000343,3,36,35,-1,True,0,0.5952154,0.1329701,0.5952154,31
000345,3,34,36,2,True,0,0.5076317,0.15988907,0.5076317,32
000346,3,39,38,-1,True,0,0.6301817,0.19002971,0.6301817,34
000354,3,34,35,1,True,0,0.5519113,0.15300967,0.5519113,31
000356,3,41,41,0,True,0,0.67454624,0.16282894,0.67454624,45
000358,3,37,36,-1,True,0,0.5390715,0.16806456,0.5390715,32
000359,3,37,37,0,True,0,0.6116232,0.15722737,0.6116232,41
000360,3,39,39,0,True,0,0.7108097,0.1752864,0.7108097,35
000362,3,33,33,0,True,0,0.7197144,0.21090549,0.7197144,37
000363,1,33,32,-1,True,0,0.62418103,0.16398522,0.62418103,36
000364,1,48,40,-8,False,99,0.23070331,0.19666323,0.14732692,36
000370,1,32,32,0,True,0,0.59906286,0.17605902,0.59906286,36
000371,1,36,36,0,True,0,0.58150643,0.186795,0.58150643,32
000375,1,37,36,-1,True,0,0.69416434,0.19141588,0.69416434,40
000376,1,30,30,0,True,0,0.55018336,0.14087652,0.55018336,34
000377,1,44,46,2,True,0,0.056409646,0.025349645,0.08179632,0
000378,2,34,37,3,True,0,0.3866351,0.20555262,0.3866351,41
000379,2,45,42,-3,True,0,0.3702098,0.16701499,0.3702098,46
000381,2,32,32,0,True,0,0.4026271,0.17849043,0.4026271,36
000382,2,47,46,-1,True,0,0.33457103,0.097726114,0.43727797,42
000386,2,48,40,-8,False,99,0.21562691,0.14245945,0.17069823,44
000388,2,48,46,-2,True,0,0.19467826,0.06478014,0.4148903,42
000393,0,36,36,0,True,0,0.5207572,0.19448996,0.5207572,32
000394,0,41,43,2,True,0,0.6396132,0.19444843,0.6396132,39
000397,0,42,43,1,True,0,0.34816816,0.19791411,0.34816816,39
000398,0,32,33,1,True,0,0.5844659,0.16795379,0.5844659,29
000399,0,45,46,1,True,0,0.60504085,0.15034093,0.6862765,42
000400,0,39,39,0,True,0,0.68866503,0.2127478,0.68866503,35
000401,0,31,30,-1,True,0,0.372901,0.13847068,0.372901,34
000402,1,36,43,7,False,1,0.22018982,0.14025953,0.14025953,39
000403,1,48,46,-2,True,0,0.35615915,0.057982937,0.49540675,42
000405,1,40,39,-1,True,0,0.6979174,0.24784283,0.6979174,35
000408,1,42,40,-2,True,0,0.4438504,0.2443326,0.4438504,36
000410,1,37,36,-1,True,0,0.23029505,0.163033,0.23029505,40
000411,1,38,37,-1,True,0,0.40177095,0.24402222,0.40177095,30
000413,3,35,35,0,True,0,0.5057277,0.2686507,0.5057277,31
000416,3,31,33,2,True,0,0.5370975,0.21321641,0.5370975,29
000420,3,39,37,-2,True,0,0.63185644,0.2239562,0.63185644,33
000421,3,39,37,-2,True,0,0.558085,0.20916754,0.558085,33
000425,0,30,30,0,True,0,0.25557578,0.12223036,0.25557578,34
000429,0,46,46,0,True,0,0.19267736,0.08410204,0.29473758,42
000430,0,49,46,-3,True,0,0.5085085,0.16181722,0.55097264,42
000431,0,43,43,0,True,0,0.7258443,0.24777676,0.7258443,39
000433,1,36,35,-1,True,0,0.35773757,0.227803,0.35773757,31
000434,1,44,43,-1,True,0,0.6194371,0.2706548,0.6194371,39
000435,1,33,32,-1,True,0,0.5531014,0.21668524,0.5531014,36
000436,1,40,41,1,True,0,0.5424063,0.22995637,0.5424063,37
000437,1,35,32,-3,True,0,0.40368268,0.25018838,0.40368268,36
000438,1,35,34,-1,True,0,0.5450111,0.19612937,0.5450111,38
000439,1,44,46,2,True,0,0.14555985,0.05737487,0.18111557,42
000440,1,30,46,16,False,3,0.11172631,0.054761253,0.033594422,42
000441,1,32,37,5,False,1,0.6074581,0.19437942,0.4493454,33
000442,1,46,46,0,True,0,0.5898812,0.2946201,0.5898812,42
000443,1,36,35,-1,True,0,0.36988485,0.12832728,0.36988485,39
000446,1,32,35,3,True,0,0.3382677,0.31568965,0.3382677,30
000453,3,31,46,15,False,3,0.1459427,0.041638225,0.007389244,42
000454,3,35,36,1,True,0,0.24015489,0.13019383,0.24015489,32
000456,3,47,46,-1,True,0,0.57454866,0.17081018,0.57454866,42
000460,1,34,37,3,True,0,0.5638807,0.2459898,0.5638807,41
000461,1,31,32,1,True,0,0.7067867,0.16267098,0.7067867,36
000462,1,45,44,-1,True,0,0.6715899,0.10959404,0.6715899,40
000463,1,30,34,4,False,2,0.24793945,0.18004425,0.21755394,38
000464,1,37,38,1,True,0,0.3459448,0.26295888,0.3459448,34
000465,2,30,29,-1,True,0,0.7488823,0.11665745,0.7488823,33
000468,2,35,35,0,True,0,0.1604682,0.090806395,0.1604682,46
000469,2,33,32,-1,True,0,0.71874166,0.1600363,0.71874166,28
000470,2,37,44,7,False,1,0.21834527,0.13346748,0.13346748,40
000471,2,40,40,0,True,0,0.6044138,0.2557969,0.6044138,36
000472,2,32,33,1,True,0,0.62285435,0.1397867,0.62285435,29
000473,2,49,46,-3,True,0,0.25535944,0.059978668,0.4282099,42
000475,2,42,41,-1,True,0,0.6493289,0.25021333,0.6493289,37
000476,2,41,42,1,True,0,0.30657595,0.1804952,0.30657595,38
000478,2,39,43,4,False,1,0.5634359,0.2810608,0.5602837,39
000481,2,40,38,-2,True,0,0.6489952,0.21549064,0.6489952,42
000482,2,36,38,2,True,0,0.55741745,0.25984976,0.55741745,34
000483,2,38,38,0,True,0,0.52197176,0.22038679,0.52197176,34
000484,2,41,40,-1,True,0,0.5974441,0.2127909,0.5974441,36
000486,2,49,46,-3,True,0,0.1555396,0.047923986,0.41463354,42
000487,2,39,37,-2,True,0,0.5586593,0.1947909,0.5586593,33
000488,2,44,42,-2,True,0,0.56880504,0.15262358,0.56880504,38
000489,2,46,46,0,True,0,0.13919933,0.09764941,0.2622578,42
000490,0,44,46,2,True,0,0.09914214,0.021337943,0.16144983,42
000491,0,31,32,1,True,0,0.23093174,0.13081592,0.23093174,36
000493,0,41,42,1,True,0,0.75045514,0.29988992,0.75045514,38
000495,0,39,40,1,True,0,0.6354002,0.21798576,0.6354002,36
000496,0,36,39,3,True,0,0.25308618,0.20636854,0.25308618,43
000499,0,30,42,12,False,4,0.41141784,0.22539617,0.04356819,38
000502,0,45,46,1,True,0,0.41563702,0.14116831,0.4521908,42
000503,0,35,35,0,True,0,0.7106993,0.16673154,0.7106993,31
000504,0,38,39,1,True,0,0.31620586,0.24358736,0.31620586,43
000507,0,41,46,5,False,2,0.06430625,0.047153786,0.049330316,27
000508,0,43,44,1,True,0,0.74659306,0.13313197,0.74659306,40
000509,0,48,46,-2,True,0,0.510644,0.060288202,0.64834857,42
000511,0,32,33,1,True,0,0.6678324,0.18847942,0.6678324,29
000512,0,44,46,2,True,0,0.32835838,0.16044344,0.41873005,42
000514,0,39,39,0,True,0,0.4554273,0.12807228,0.4554273,43
000516,0,48,46,-2,True,0,0.48922902,0.15268919,0.5161772,42
000517,0,37,38,1,True,0,0.32934323,0.19556685,0.32934323,34
000519,0,42,46,4,False,1,0.099764355,0.04318748,0.07146745,42
000520,0,45,45,0,True,0,0.50287884,0.24792987,0.50287884,41
000522,0,38,36,-2,True,0,0.31197333,0.21492787,0.31197333,40
000525,0,32,34,2,True,0,0.32509407,0.16566612,0.32509407,38
000527,0,36,46,10,False,2,0.46833193,0.191875,0.053217247,42
000529,0,36,38,2,True,0,0.7241768,0.17458297,0.7241768,34
000530,0,33,31,-2,True,0,0.31530014,0.16819455,0.31530014,35
000531,0,31,30,-1,True,0,0.70603347,0.11739078,0.70603347,34
000532,0,36,35,-1,True,0,0.72943115,0.1400499,0.72943115,39
000533,0,32,32,0,True,0,0.6243962,0.14485018,0.6243962,36
000534,0,37,36,-1,True,0,0.639322,0.16268064,0.639322,40
000535,0,39,39,0,True,0,0.66606253,0.24545361,0.66606253,35
000540,3,33,43,10,False,2,0.5944968,0.257733,0.062462315,39
000541,3,30,28,-2,True,0,0.57114244,0.09932737,0.57114244,32
000542,3,49,43,-6,False,99,0.37318942,0.14000452,0.26026863,39
000543,3,39,46,7,False,1,0.08623871,0.01672743,0.01672743,42
000544,3,44,46,2,True,0,0.09551226,0.053999487,0.12947069,42
000548,3,35,37,2,True,0,0.1888275,0.075867645,0.1888275,42
000549,3,33,32,-1,True,0,0.64931583,0.15086208,0.64931583,28
000551,3,48,46,-2,True,0,0.117619514,0.09774551,0.27567175,30
000552,3,43,42,-1,True,0,0.42022565,0.16540028,0.42022565,46
000554,4,40,39,-1,True,0,0.72959936,0.20853375,0.72959936,35
000555,4,49,46,-3,True,0,0.12754102,0.12702593,0.2605743,38
000559,4,41,41,0,True,0,0.71846044,0.18161121,0.71846044,45
000561,4,39,30,-9,False,2,0.4546773,0.275039,0.14499795,34
000562,4,49,44,-5,False,99,0.45883226,0.124053724,0.3584754,40
000563,4,41,42,1,True,0,0.62938666,0.2602687,0.62938666,46
000564,4,48,46,-2,True,0,0.46815598,0.09146602,0.57667017,42
000565,4,31,29,-2,True,0,0.61104006,0.12371226,0.61104006,33
000569,4,35,33,-2,True,0,0.6895852,0.14412278,0.6895852,37
000570,4,40,38,-2,True,0,0.21185695,0.09160552,0.21185695,42
000574,2,43,42,-1,True,0,0.5898295,0.23759066,0.5898295,38
000576,2,35,36,1,True,0,0.35985973,0.2707503,0.35985973,40
000577,2,44,43,-1,True,0,0.36846188,0.09829872,0.36846188,39
000578,2,36,35,-1,True,0,0.7275867,0.15314831,0.7275867,31
000580,2,43,42,-1,True,0,0.7694838,0.21139435,0.7694838,38
000584,2,47,46,-1,True,0,0.4761184,0.15380839,0.5211792,42
000585,2,33,33,0,True,0,0.34103245,0.15167524,0.34103245,37
000586,2,38,35,-3,True,0,0.3874168,0.20231797,0.3874168,39
000593,2,35,34,-1,True,0,0.50766695,0.14732985,0.50766695,30
000594,2,45,43,-2,True,0,0.60203516,0.14036486,0.60203516,39
000595,3,46,46,0,True,0,0.43461972,0.17261636,0.43461972,42
000596,3,33,32,-1,True,0,0.3612218,0.22778039,0.3612218,36
000599,3,38,38,0,True,0,0.5732577,0.18948412,0.5732577,34
000602,3,42,41,-1,True,0,0.6545129,0.23802671,0.6545129,37
000603,3,39,37,-2,True,0,0.45164317,0.30838335,0.45164317,33
000607,3,38,35,-3,True,0,0.4453147,0.16438021,0.4453147,31
000608,3,36,35,-1,True,0,0.46582282,0.10511198,0.46582282,31
000609,3,31,31,0,True,0,0.58352685,0.20828396,0.58352685,27
000612,4,49,46,-3,True,0,0.12039411,0.10155591,0.2196791,39
000614,4,32,31,-1,True,0,0.52897227,0.13077317,0.52897227,27
000618,4,32,30,-2,True,0,0.5036452,0.16819519,0.5036452,26
000619,4,33,32,-1,True,0,0.7643328,0.09774696,0.7643328,36
000620,4,49,46,-3,True,0,0.11572326,0.061063576,0.32351753,42
000621,4,31,33,2,True,0,0.4461421,0.12614363,0.4461421,29
000625,4,38,33,-5,False,3,0.10870356,0.0873862,0.096027665,46
000628,0,33,44,11,False,2,0.2433003,0.16774379,0.13677433,40
000630,0,34,34,0,True,0,0.5473829,0.25004986,0.5473829,30
000632,0,38,45,7,False,1,0.40336612,0.18260293,0.18260293,41
000635,0,41,46,5,False,1,0.3243239,0.21006288,0.27349967,42
000638,0,36,37,1,True,0,0.30879876,0.115843795,0.30879876,41
000639,1,32,32,0,True,0,0.7503119,0.19537078,0.7503119,28
000640,1,42,40,-2,True,0,0.5223099,0.1483383,0.5223099,44
000641,1,47,46,-1,True,0,0.1605462,0.049404968,0.36497033,42
000642,1,38,37,-1,True,0,0.54008096,0.193921,0.54008096,33
000643,1,41,41,0,True,0,0.37358043,0.21802686,0.37358043,45
000644,1,38,36,-2,True,0,0.49538964,0.20771866,0.49538964,32
000646,1,37,36,-1,True,0,0.4500205,0.17930713,0.4500205,40
000647,1,32,34,2,True,0,0.15728535,0.12889111,0.15728535,38
000648,1,40,34,-6,False,1,0.60047805,0.17472224,0.28039446,38
000649,1,43,43,0,True,0,0.6268559,0.16989706,0.6268559,39
000650,1,38,38,0,True,0,0.69962597,0.24424623,0.69962597,34
000651,1,48,46,-2,True,0,0.19405665,0.025395442,0.37138337,42
000652,1,35,46,11,False,2,0.089324445,0.0779161,0.06852122,42
000653,1,46,45,-1,True,0,0.20885617,0.10984726,0.23713492,41
000654,1,40,46,6,False,1,0.13009731,0.110485695,0.11908054,42
000655,1,47,46,-1,True,0,0.6823787,0.23145323,0.6823787,42
000656,1,38,37,-1,True,0,0.32771394,0.20887949,0.32771394,41
000657,1,44,46,2,True,0,0.2117586,0.091605134,0.24731398,42
000664,3,41,40,-1,True,0,0.5094581,0.23593257,0.5094581,36
000666,3,45,46,1,True,0,0.42742795,0.1785282,0.42808402,42
000669,3,33,32,-1,True,0,0.6714794,0.12237644,0.6714794,28
000670,1,44,46,2,True,0,0.07806971,0.0161723,0.11920809,42
000671,1,45,39,-6,False,1,0.45076478,0.2521635,0.33080295,43
000672,1,47,46,-1,True,0,0.3491422,0.084472604,0.5112882,42
000673,1,44,43,-1,True,0,0.40260437,0.27849138,0.40260437,39
000674,1,49,25,-24,False,2,0.11782488,0.070792906,0.1444931,29
000676,1,38,38,0,True,0,0.76110536,0.17393374,0.76110536,34
000678,0,48,45,-3,True,0,0.44502926,0.11978567,0.44502926,41
000679,0,43,44,1,True,0,0.688197,0.2967795,0.688197,40
000680,0,41,43,2,True,0,0.59556586,0.19074187,0.59556586,39
000681,0,35,35,0,True,0,0.5683801,0.1749393,0.5683801,39
000683,1,37,36,-1,True,0,0.37029937,0.15030728,0.37029937,32
000686,1,43,42,-1,True,0,0.5676367,0.17390494,0.5676367,46
000687,1,33,46,13,False,3,0.12742664,0.1175838,0.07135284,42
000688,1,38,36,-2,True,0,0.51394373,0.23636271,0.51394373,40
000689,3,41,42,1,True,0,0.3453537,0.18216601,0.3453537,38
000690,3,33,34,1,True,0,0.381858,0.1350217,0.381858,38
000692,3,32,31,-1,True,0,0.63283366,0.091662884,0.63283366,35
000693,3,42,42,0,True,0,0.1404603,0.12825097,0.1404603,38
000694,3,46,46,0,True,0,0.100756116,0.03416967,0.31250134,42
000698,3,43,46,3,True,0,0.62009007,0.301725,0.62009007,42
000699,3,34,35,1,True,0,0.0694295,0.052465342,0.0694295,31
000701,3,30,30,0,True,0,0.46244517,0.15439099,0.46244517,34
000703,3,32,43,11,False,2,0.509382,0.23936562,0.12638097,39
000704,3,40,40,0,True,0,0.7040956,0.17176557,0.7040956,36
000705,2,38,38,0,True,0,0.5244863,0.19240902,0.5244863,42
000706,2,41,43,2,True,0,0.2750461,0.13416739,0.2750461,39
000707,2,38,46,8,False,2,0.12131028,0.10752936,0.107476406,42
000708,2,33,46,13,False,3,0.15508412,0.08477492,0.041619647,42
000710,2,49,45,-4,False,99,0.3394107,0.17195944,0.328139,41
000711,2,33,34,1,True,0,0.71724975,0.17317171,0.71724975,30
000712,2,41,43,2,True,0,0.39613715,0.19326897,0.39613715,39
000715,2,39,44,5,False,1,0.27053073,0.12759055,0.22486886,40
000718,0,46,46,0,True,0,0.647702,0.2591048,0.647702,42
000719,0,44,42,-2,True,0,0.48419064,0.21965423,0.48419064,46
000720,0,39,46,7,False,1,0.39475477,0.06866525,0.06866525,42
000721,0,40,39,-1,True,0,0.48827943,0.24258861,0.48827943,43
000722,0,30,28,-2,True,0,0.7094071,0.12280931,0.7094071,24
000724,1,37,34,-3,True,0,0.43517274,0.24902941,0.43517274,30
000725,1,31,31,0,True,0,0.75411856,0.1387644,0.75411856,27
000727,1,42,40,-2,True,0,0.5109588,0.2752274,0.5109588,36
000728,1,32,31,-1,True,0,0.7170696,0.10686931,0.7170696,27
000732,4,30,33,3,True,0,0.6421021,0.1776442,0.6421021,29
000733,4,30,28,-2,True,0,0.45257264,0.12572388,0.45257264,32
000734,4,35,33,-2,True,0,0.50999075,0.28912115,0.50999075,29
000737,4,40,39,-1,True,0,0.75800776,0.17818986,0.75800776,43
000739,4,30,28,-2,True,0,0.36414754,0.17280516,0.36414754,32
000740,4,32,39,7,False,1,0.565595,0.26666975,0.26666975,35
000743,4,32,32,0,True,0,0.35576427,0.19185565,0.35576427,36
000744,4,30,26,-4,False,1,0.5474756,0.17583786,0.4982781,30
000746,4,34,30,-4,False,1,0.50149375,0.31322226,0.49464834,34
000749,1,32,32,0,True,0,0.53564674,0.19713077,0.53564674,28
000750,1,34,17,-17,False,1,0.14164625,0.09001675,0.09001675,36
000751,1,40,32,-8,False,3,0.47119713,0.19720583,0.11879997,36
000753,1,47,46,-1,True,0,0.63392013,0.22149473,0.63392013,42
000754,1,46,44,-2,True,0,0.7388354,0.20273504,0.7388354,40
000755,1,41,20,-21,False,99,0.4186755,0.09853843,0.0019120921,24
000758,1,47,36,-11,False,3,0.5054711,0.15873183,0.0371582,40
000763,1,39,39,0,True,0,0.77214396,0.15259387,0.77214396,35
000766,1,42,36,-6,False,1,0.2363242,0.11747504,0.15736361,40
000767,0,40,41,1,True,0,0.69742745,0.28139952,0.69742745,37
000768,0,35,34,-1,True,0,0.6887637,0.14832044,0.6887637,38
000770,0,33,34,1,True,0,0.5650649,0.15064196,0.5650649,30
000772,0,46,46,0,True,0,0.16408399,0.12490871,0.21697603,42
000777,0,39,38,-1,True,0,0.4815281,0.20341517,0.4815281,42
000778,0,43,43,0,True,0,0.6680917,0.23711747,0.6680917,39
000779,0,33,35,2,True,0,0.4098381,0.21768928,0.4098381,31
000784,1,33,33,0,True,0,0.4875435,0.26200616,0.4875435,29
000787,1,43,43,0,True,0,0.64856166,0.18016139,0.64856166,39
000792,1,34,27,-7,False,1,0.27815244,0.22026901,0.22026901,31
000795,1,42,45,3,True,0,0.6870922,0.117989846,0.6870922,41
000797,1,41,37,-4,False,2,0.57434744,0.24008459,0.48139888,33
000798,1,37,33,-4,False,2,0.68279785,0.1604215,0.55855155,29
000801,1,33,32,-1,True,0,0.332988,0.22946191,0.332988,28
000803,2,36,37,1,True,0,0.5950518,0.29663467,0.5950518,33
000805,2,30,30,0,True,0,0.3376668,0.14005515,0.3376668,26
000810,2,32,44,12,False,3,0.24738279,0.13415936,0.05243891,40
000811,2,30,28,-2,True,0,0.29956433,0.23165807,0.29956433,37
000813,2,44,35,-9,False,3,0.5412231,0.16123107,0.10042326,39
000814,2,34,34,0,True,0,0.35580352,0.13455087,0.35580352,30
000815,0,42,35,-7,False,2,0.60814,0.19352607,0.15674333,31
000818,0,36,35,-1,True,0,0.5144056,0.28900805,0.5144056,39
000826,3,33,33,0,True,0,0.7597463,0.18104054,0.7597463,29
000827,3,37,36,-1,True,0,0.50548565,0.15806143,0.50548565,40
000828,3,38,38,0,True,0,0.5702986,0.16179357,0.5702986,34
000829,3,37,37,0,True,0,0.6912855,0.17610143,0.6912855,33
000831,3,30,29,-1,True,0,0.67738837,0.09982172,0.67738837,33
000835,3,32,32,0,True,0,0.37439486,0.21228617,0.37439486,28
000837,0,30,30,0,True,0,0.74906385,0.08700912,0.74906385,26
000838,0,31,42,11,False,1,0.26416996,0.25292742,0.25292742,29
000840,0,41,41,0,True,0,0.6542042,0.18985747,0.6542042,37
000851,3,42,39,-3,True,0,0.5373515,0.14488932,0.5373515,43
000852,3,45,43,-2,True,0,0.599577,0.2270352,0.599577,39
000853,3,33,31,-2,True,0,0.71442807,0.12101367,0.71442807,35
000854,3,35,46,11,False,1,0.09626729,0.0843625,0.0843625,34
000861,3,33,35,2,True,0,0.6878896,0.11427975,0.6878896,39
000862,3,39,38,-1,True,0,0.5132496,0.29651064,0.5132496,34
000871,3,30,30,0,True,0,0.4768636,0.11377639,0.4768636,26
000873,3,32,32,0,True,0,0.44340694,0.1962728,0.44340694,28
000875,3,36,35,-1,True,0,0.41547194,0.1752008,0.41547194,39
000881,0,33,32,-1,True,0,0.65536845,0.21858937,0.65536845,28
000882,0,30,33,3,True,0,0.39513046,0.1642828,0.39513046,37
000884,2,30,30,0,True,0,0.6992182,0.18398781,0.6992182,34
000886,2,30,30,0,True,0,0.72114986,0.15999632,0.72114986,34
000891,2,30,32,2,True,0,0.7527376,0.15109836,0.7527376,36
000893,4,32,33,1,True,0,0.5581575,0.19984938,0.5581575,29
000894,4,30,31,1,True,0,0.3582498,0.14858112,0.3582498,35
000898,4,34,33,-1,True,0,0.661971,0.24824424,0.661971,29
000899,4,30,31,1,True,0,0.60809153,0.22336026,0.60809153,27
000907,1,42,42,0,True,0,0.57010406,0.2092011,0.57010406,38
000911,1,30,30,0,True,0,0.5833347,0.20070663,0.5833347,34
000912,1,36,32,-4,False,1,0.5278984,0.25349367,0.52528614,36
000917,2,36,35,-1,True,0,0.45204535,0.19890013,0.45204535,39
000919,4,32,36,4,False,1,0.5283579,0.19665955,0.48379615,32
000923,2,30,31,1,True,0,0.3321113,0.12640713,0.3321113,35
000926,2,30,31,1,True,0,0.2930427,0.15160197,0.2930427,35
000930,2,35,35,0,True,0,0.57041305,0.17716783,0.57041305,39
000931,4,30,30,0,True,0,0.65491307,0.20310237,0.65491307,26
000932,4,30,46,16,False,4,0.17129554,0.14423731,0.09461231,42
000935,4,30,46,16,False,3,0.081655376,0.07252414,0.026878772,39
000937,4,30,30,0,True,0,0.4241625,0.28062254,0.4241625,34
000940,3,31,46,15,False,3,0.166897,0.019523127,0.0032441013,42
000941,3,44,41,-3,True,0,0.5445029,0.27978727,0.5445029,37
000942,3,34,34,0,True,0,0.15962392,0.13025834,0.15962392,30
000946,3,41,44,3,True,0,0.1758442,0.12814955,0.1758442,40
000949,4,30,29,-1,True,0,0.53532165,0.24096833,0.53532165,33
000950,4,37,46,9,False,2,0.29720378,0.050709486,0.016113399,42
000953,4,42,44,2,True,0,0.5677349,0.16932064,0.5677349,40
000959,4,34,37,3,True,0,0.32351947,0.20483164,0.32351947,46
000965,2,38,46,8,False,1,0.13143519,0.09576364,0.09576364,38
000967,2,31,35,4,False,1,0.49638832,0.20303951,0.4568667,31
000968,2,32,36,4,False,2,0.47004625,0.17900707,0.41495073,40
000969,2,32,34,2,True,0,0.6659577,0.17645437,0.6659577,30
000970,2,48,39,-9,False,99,0.3577225,0.2259942,0.17541632,43
000971,2,40,43,3,True,0,0.45647418,0.16902965,0.45647418,39
000974,2,33,32,-1,True,0,0.5103943,0.2442605,0.5103943,36
000977,2,43,45,2,True,0,0.3956996,0.13041148,0.3956996,41
000978,2,45,46,1,True,0,0.6016629,0.24497189,0.6016629,42
000981,4,30,30,0,True,0,0.5900216,0.23637219,0.5900216,34
000982,4,33,35,2,True,0,0.6148198,0.21907906,0.6148198,31
000984,4,40,40,0,True,0,0.522245,0.2799013,0.522245,36
000986,4,43,44,1,True,0,0.61976767,0.17622764,0.61976767,40
000988,4,36,37,1,True,0,0.6160626,0.17167546,0.6160626,41
000989,4,36,30,-6,False,2,0.6292843,0.12441075,0.05044469,26
000992,4,36,37,1,True,0,0.58847255,0.12061619,0.58847255,33
000993,4,40,42,2,True,0,0.5005104,0.24741854,0.5005104,38
000994,4,34,34,0,True,0,0.5332579,0.20684318,0.5332579,30
000995,4,47,46,-1,True,0,0.30123493,0.08750078,0.39870566,42
000997,4,37,40,3,True,0,0.4286226,0.29430386,0.4286226,36
000998,4,31,32,1,True,0,0.5189553,0.16225567,0.5189553,28
000999,4,31,31,0,True,0,0.6438577,0.11453996,0.6438577,35
001005,2,36,38,2,True,0,0.617162,0.18900333,0.617162,42
001007,2,31,33,2,True,0,0.5121116,0.19320722,0.5121116,37
001008,2,38,38,0,True,0,0.64981234,0.22233096,0.64981234,34
001011,2,45,46,1,True,0,0.25152752,0.11736417,0.37157395,42
001013,2,42,43,1,True,0,0.6067806,0.38386047,0.6067806,39
001014,2,31,32,1,True,0,0.6972072,0.33686122,0.6972072,28
001018,2,31,34,3,True,0,0.32868096,0.17160362,0.32868096,30
001020,0,43,44,1,True,0,0.6114879,0.2462154,0.6114879,40
001021,0,49,46,-3,True,0,0.12843026,0.08940226,0.29741392,42
001024,0,35,34,-1,True,0,0.60876,0.18613681,0.60876,30
001026,0,47,46,-1,True,0,0.6046205,0.16072917,0.72021526,42
001027,0,42,42,0,True,0,0.7316839,0.16425766,0.7316839,38
001036,0,42,43,1,True,0,0.53770244,0.1901052,0.53770244,39
001038,0,36,36,0,True,0,0.5840374,0.15775065,0.5840374,40
001040,0,40,40,0,True,0,0.4421747,0.19663988,0.4421747,36
001042,0,38,35,-3,True,0,0.30393198,0.18470527,0.30393198,31
001044,0,41,33,-8,False,1,0.25319266,0.23720856,0.23720856,38
001046,1,42,44,2,True,0,0.3998267,0.12086077,0.3998267,40
001047,1,44,43,-1,True,0,0.48480842,0.2079893,0.48480842,39
001048,1,44,44,0,True,0,0.7143713,0.20101048,0.7143713,40
001050,1,38,38,0,True,0,0.5650948,0.1996841,0.5650948,42
001051,1,31,32,1,True,0,0.3393641,0.14543602,0.3393641,36
001057,1,33,34,1,True,0,0.7588989,0.17867026,0.7588989,30
001061,1,36,37,1,True,0,0.38042432,0.26862374,0.38042432,41
001062,1,48,46,-2,True,0,0.15538763,0.018461697,0.43495747,42
001068,4,45,44,-1,True,0,0.7361004,0.21445233,0.7361004,40
001069,4,31,33,2,True,0,0.6258345,0.15298651,0.6258345,29
001071,4,36,34,-2,True,0,0.5754677,0.20490828,0.5754677,30
001072,4,32,37,5,False,1,0.32151568,0.122697644,0.23665185,33
001073,4,39,39,0,True,0,0.63818085,0.20401649,0.63818085,35
001077,4,45,46,1,True,0,0.22947122,0.16059113,0.22947122,31
001079,4,42,42,0,True,0,0.7389738,0.18935786,0.7389738,38
001082,4,32,32,0,True,0,0.5147019,0.16473101,0.5147019,36
001084,4,37,38,1,True,0,0.5946319,0.23726864,0.5946319,34
001086,4,44,46,2,True,0,0.46096772,0.22468506,0.46096772,42
001088,4,46,42,-4,False,2,0.6041315,0.2448316,0.5930652,38
001089,2,41,42,1,True,0,0.66743004,0.2711999,0.66743004,38
001090,2,49,46,-3,True,0,0.06671162,0.008990607,0.40870732,0
001091,2,34,41,7,False,2,0.3924772,0.1832172,0.12163648,26
001093,2,33,32,-1,True,0,0.6418821,0.10690463,0.6418821,28
001096,2,40,39,-1,True,0,0.5447491,0.24006897,0.5447491,35
001097,2,40,39,-1,True,0,0.54180247,0.2261283,0.54180247,43
001099,2,48,46,-2,True,0,0.5713354,0.14737141,0.65490794,42
001101,2,40,39,-1,True,0,0.66057944,0.23763327,0.66057944,43
001105,2,35,36,1,True,0,0.3801205,0.21187498,0.3801205,32
001108,3,48,46,-2,True,0,0.2929834,0.040850893,0.42997247,42
001110,3,34,30,-4,False,1,0.43738335,0.1935228,0.43081534,34
001111,3,33,32,-1,True,0,0.6699034,0.18196139,0.6699034,28
001113,3,45,46,1,True,0,0.564189,0.2244277,0.564189,42
001115,3,41,29,-12,False,2,0.1870756,0.11139359,0.069406465,33
001117,3,45,46,1,True,0,0.16375734,0.120764084,0.19860555,42
001118,3,42,42,0,True,0,0.55869746,0.2522089,0.55869746,46
001119,3,35,33,-2,True,0,0.43250033,0.14786206,0.43250033,37
001120,3,32,32,0,True,0,0.6514995,0.1465267,0.6514995,36
001121,3,42,39,-3,True,0,0.53295785,0.20567322,0.53295785,43
001122,4,46,45,-1,True,0,0.57082784,0.23035215,0.57082784,41
001123,4,44,45,1,True,0,0.65645903,0.14842074,0.65645903,41
001124,4,43,42,-1,True,0,0.22271857,0.1665352,0.22271857,46
001125,4,45,46,1,True,0,0.35759348,0.16126086,0.4181672,42
001126,4,36,34,-2,True,0,0.51817185,0.14351994,0.51817185,30
001128,4,30,46,16,False,4,0.09833148,0.050888892,0.017026901,42
001129,4,30,30,0,True,0,0.4236619,0.08665954,0.4236619,26
001130,4,36,37,1,True,0,0.32646033,0.1199995,0.32646033,33
001131,4,34,46,12,False,3,0.13576216,0.11124702,0.07344009,42
001133,4,42,43,1,True,0,0.36974135,0.21998759,0.36974135,39
001135,4,30,29,-1,True,0,0.6460033,0.062044885,0.6460033,25
001138,4,33,46,13,False,1,0.07477649,0.058418263,0.058418263,30
001139,4,49,46,-3,True,0,0.21442653,0.050789062,0.46517146,42
001140,4,38,36,-2,True,0,0.55246055,0.2104978,0.55246055,32
001142,4,49,42,-7,False,2,0.09166387,0.06842224,0.1837493,38
001143,4,47,30,-17,False,5,0.47787055,0.29896346,0.017763155,34
001144,4,39,34,-5,False,2,0.6434915,0.21337412,0.46499825,30
001145,0,33,33,0,True,0,0.4978444,0.13695487,0.4978444,37
001146,0,47,46,-1,True,0,0.43161708,0.06989983,0.5230444,42
001147,0,31,31,0,True,0,0.42813188,0.12161257,0.42813188,35
001149,0,39,35,-4,False,1,0.45319557,0.26651216,0.43416408,39
001150,0,41,43,2,True,0,0.5012243,0.23761283,0.5012243,39
001151,0,30,31,1,True,0,0.46945226,0.16967462,0.46945226,35
001154,0,47,44,-3,True,0,0.5424395,0.31727636,0.5424395,40
001156,1,30,29,-1,True,0,0.270671,0.14242494,0.270671,33
001159,2,39,38,-1,True,0,0.7624535,0.1170932,0.7624535,34
001163,2,40,40,0,True,0,0.41694155,0.19788165,0.41694155,44
001164,2,49,36,-13,False,1,0.10355,0.10103381,0.29222205,46
001165,2,44,43,-1,True,0,0.6738139,0.19149496,0.6738139,39
001166,2,34,33,-1,True,0,0.51933557,0.17551339,0.51933557,37
001167,2,39,40,1,True,0,0.6228431,0.19292241,0.6228431,44
001170,2,49,46,-3,True,0,0.4953971,0.15696256,0.5213085,42
001171,2,38,39,1,True,0,0.31480876,0.19824785,0.31480876,43
001173,2,36,36,0,True,0,0.7715227,0.16357213,0.7715227,32
001175,4,47,46,-1,True,0,0.5219584,0.19076265,0.5219584,42
001177,4,34,32,-2,True,0,0.6220104,0.14747213,0.6220104,28
001179,4,38,36,-2,True,0,0.71286744,0.18794991,0.71286744,32
001181,1,42,42,0,True,0,0.7465689,0.20691577,0.7465689,38
001182,1,38,38,0,True,0,0.68053466,0.14449838,0.68053466,34
001187,1,47,46,-1,True,0,0.50302404,0.24864958,0.50302404,42
001188,4,46,46,0,True,0,0.4566871,0.27252415,0.46850222,42
001189,4,39,37,-2,True,0,0.47286272,0.18942423,0.47286272,41
001192,1,37,34,-3,True,0,0.6456839,0.20095119,0.6456839,30
001193,1,32,31,-1,True,0,0.68173957,0.14625166,0.68173957,27
001194,1,42,41,-1,True,0,0.64387476,0.20614533,0.64387476,37
001195,1,48,46,-2,True,0,0.18032633,0.07318073,0.37738687,42
001198,1,45,44,-1,True,0,0.5915199,0.19632047,0.5915199,40
001199,1,34,46,12,False,3,0.13048215,0.034139886,0.007664457,42
001200,3,47,46,-1,True,0,0.6503646,0.23074427,0.6503646,42
001201,3,37,36,-1,True,0,0.61641085,0.17850354,0.61641085,32
001202,3,39,46,7,False,1,0.3912242,0.27905148,0.27905148,42
001206,3,31,41,10,False,2,0.2582213,0.16620967,0.16277066,37
001208,3,38,37,-1,True,0,0.61809266,0.1398471,0.61809266,41
001212,1,37,37,0,True,0,0.55159223,0.2364996,0.55159223,33
001213,1,46,45,-1,True,0,0.70005363,0.18375011,0.70005363,41
001214,1,31,31,0,True,0,0.5436408,0.16563378,0.5436408,27
001216,1,49,46,-3,True,0,0.05891259,0.031794652,0.18013108,42
001217,1,44,42,-2,True,0,0.53966093,0.17802835,0.53966093,38
001218,1,33,33,0,True,0,0.54879487,0.1212841,0.54879487,37
001226,0,32,31,-1,True,0,0.38834903,0.17249833,0.38834903,35
001227,0,38,38,0,True,0,0.7204419,0.20836578,0.7204419,34
001229,0,37,38,1,True,0,0.6184865,0.19283587,0.6184865,42
001230,0,45,46,1,True,0,0.45354337,0.20351757,0.45354337,42
001231,0,41,41,0,True,0,0.65759796,0.29765698,0.65759796,37
001233,0,42,42,0,True,0,0.6707258,0.18243846,0.6707258,38
001236,0,49,46,-3,True,0,0.26915833,0.093605705,0.42140502,42
001237,0,30,32,2,True,0,0.45634022,0.25626743,0.45634022,28
001244,0,43,42,-1,True,0,0.5999224,0.2432146,0.5999224,46
001246,0,43,42,-1,True,0,0.36552823,0.157968,0.36552823,38
001247,3,36,36,0,True,0,0.62872666,0.16103186,0.62872666,32
001248,3,33,32,-1,True,0,0.37549564,0.1895167,0.37549564,36
001252,3,44,44,0,True,0,0.7097397,0.16032135,0.7097397,40
001253,3,42,38,-4,False,2,0.43771467,0.18094227,0.43071622,34
001254,3,42,40,-2,True,0,0.34551135,0.20224696,0.34551135,36
001255,3,30,34,4,False,2,0.3387885,0.1511479,0.29505834,38
001258,4,35,36,1,True,0,0.46694148,0.24245787,0.46694148,40
001260,4,46,46,0,True,0,0.5670279,0.118347675,0.5670279,42
001261,4,31,29,-2,True,0,0.22255772,0.13040526,0.22255772,46
001263,4,41,41,0,True,0,0.3737774,0.18126453,0.3737774,37
001264,4,40,46,6,False,1,0.3028309,0.19088341,0.23605013,42
001265,4,36,35,-1,True,0,0.7836981,0.11688044,0.7836981,31
001267,4,49,46,-3,True,0,0.19345179,0.097339585,0.31316966,42
001268,4,43,40,-3,True,0,0.45943105,0.23899588,0.45943105,44
001269,4,48,46,-2,True,0,0.15511948,0.09179976,0.3263707,38
001270,2,46,46,0,True,0,0.32552743,0.12304037,0.4391156,42
001273,2,35,32,-3,True,0,0.17826506,0.11134694,0.17826506,36
001278,2,33,34,1,True,0,0.7242885,0.22766294,0.7242885,30
001279,2,37,40,3,True,0,0.1644369,0.13739723,0.1644369,46
001280,2,45,45,0,True,0,0.31650993,0.15996379,0.31650993,41
001282,4,40,41,1,True,0,0.5955622,0.26498187,0.5955622,37
001286,4,34,36,2,True,0,0.2295535,0.0991164,0.2295535,32
001288,4,45,46,1,True,0,0.74066657,0.27551702,0.74066657,42
001291,2,39,41,2,True,0,0.60164094,0.24758102,0.60164094,37
001292,2,30,35,5,False,1,0.4405785,0.26131412,0.39223385,31
001297,4,42,46,4,False,1,0.24161889,0.04873928,0.15716149,42
001298,4,38,41,3,True,0,0.56793076,0.31600654,0.56793076,37
001301,4,31,35,4,False,2,0.57517153,0.4008643,0.48397624,39
001305,4,43,36,-7,False,1,0.23514386,0.17959903,0.17959903,46
001306,4,34,36,2,True,0,0.6826009,0.16592202,0.6826009,32
001307,4,31,33,2,True,0,0.5183231,0.22112292,0.5183231,29
001308,4,31,32,1,True,0,0.65875816,0.10431773,0.65875816,36
001309,4,36,39,3,True,0,0.22275375,0.09697008,0.22275375,35
001312,4,34,35,1,True,0,0.6568171,0.27403745,0.6568171,31
001313,4,41,42,1,True,0,0.7451563,0.18209533,0.7451563,38
001320,4,32,39,7,False,1,0.46915874,0.2152345,0.2152345,35
001323,4,40,46,6,False,1,0.16273187,0.12915032,0.14246267,42
001324,4,41,43,2,True,0,0.17915004,0.07117179,0.17915004,39
001325,4,30,31,1,True,0,0.5520868,0.15570651,0.5520868,35
001326,4,47,46,-1,True,0,0.20093398,0.06571904,0.39557704,42
001327,4,40,45,5,False,1,0.539818,0.25398827,0.45281726,41
001329,2,46,35,-11,False,3,0.3261118,0.14776768,0.13599616,39
001330,2,30,30,0,True,0,0.6026413,0.07947417,0.6026413,26
001331,2,49,30,-19,False,2,0.2873904,0.1258567,0.19218527,34
001332,2,38,38,0,True,0,0.33960903,0.27545244,0.33960903,42
001333,2,32,34,2,True,0,0.47749642,0.25020984,0.47749642,38
001338,2,30,40,10,False,4,0.6511152,0.13284221,0.014548001,36
001341,2,39,40,1,True,0,0.6853497,0.27167752,0.6853497,36
001342,2,42,42,0,True,0,0.7083129,0.17654128,0.7083129,38
001345,2,32,33,1,True,0,0.55480945,0.1916195,0.55480945,37
001349,2,33,28,-5,False,2,0.13006078,0.12856998,0.12432832,39
001350,2,34,35,1,True,0,0.6285744,0.17733687,0.6285744,39
001352,3,34,38,4,False,2,0.13463424,0.114275694,0.13220337,46
001353,3,38,40,2,True,0,0.27008006,0.22173175,0.27008006,35
001354,3,32,36,4,False,1,0.6946675,0.26740652,0.67816395,32
001355,3,42,41,-1,True,0,0.5169078,0.20235777,0.5169078,45
001357,3,36,43,7,False,1,0.5116984,0.33771372,0.33771372,39
001359,3,42,40,-2,True,0,0.27064583,0.16064647,0.27064583,36
001360,3,37,38,1,True,0,0.38812104,0.23622441,0.38812104,34
001362,3,30,31,1,True,0,0.63156885,0.12835978,0.63156885,35
001363,3,33,35,2,True,0,0.32395375,0.1812521,0.32395375,39
001364,3,30,32,2,True,0,0.68239397,0.14826517,0.68239397,36
001368,0,38,42,4,False,1,0.6415873,0.23387228,0.63937455,38
001370,0,30,33,3,True,0,0.5315508,0.17282766,0.5315508,29
001371,0,31,46,15,False,3,0.39334908,0.13123564,0.053503666,42
001376,0,30,31,1,True,0,0.7449625,0.11005115,0.7449625,27
001380,1,35,42,7,False,2,0.232964,0.17821978,0.17475913,46
001382,1,33,32,-1,True,0,0.5334688,0.11106178,0.5334688,36
001383,1,34,34,0,True,0,0.6875703,0.12761909,0.6875703,38
001385,1,38,37,-1,True,0,0.47560978,0.3629236,0.47560978,41
001388,1,42,46,4,False,1,0.07657755,0.04454394,0.055760857,42
001392,1,32,40,8,False,3,0.1282112,0.075478554,0.061635677,36
001394,1,33,35,2,True,0,0.53932583,0.18977219,0.53932583,31
001395,1,31,34,3,True,0,0.5094833,0.18202847,0.5094833,30
001396,1,35,39,4,False,2,0.334578,0.21346131,0.33262062,43
001397,1,36,39,3,True,0,0.42559978,0.23666896,0.42559978,35
001399,2,35,37,2,True,0,0.58770555,0.2062634,0.58770555,41
001400,2,33,36,3,True,0,0.6121257,0.2109643,0.6121257,32
001403,2,31,34,3,True,0,0.5314784,0.22999169,0.5314784,30
001404,2,43,46,3,True,0,0.31730232,0.08677816,0.31730232,42
001405,2,37,39,2,True,0,0.47612542,0.21818246,0.47612542,43
001406,2,36,42,6,False,1,0.42199057,0.23970586,0.32575908,38
001408,2,42,46,4,False,1,0.24194384,0.15511289,0.2265078,42
001411,2,47,46,-1,True,0,0.29876778,0.079392046,0.53594834,42
001412,2,35,37,2,True,0,0.6127474,0.29262948,0.6127474,33
001415,2,37,39,2,True,0,0.5991927,0.18211198,0.5991927,43
001416,2,46,44,-2,True,0,0.3168002,0.1525198,0.3168002,40
001417,2,30,34,4,False,2,0.26948485,0.15655509,0.2419964,38
001422,4,44,46,2,True,0,0.5298824,0.14751957,0.5298824,42
001423,4,44,43,-1,True,0,0.34999874,0.10813617,0.34999874,39
001424,4,34,34,0,True,0,0.6831177,0.16572735,0.6831177,30
001427,4,30,32,2,True,0,0.6216008,0.24316245,0.6216008,36
001428,4,37,37,0,True,0,0.74918103,0.16883187,0.74918103,33
001429,4,46,46,0,True,0,0.36490682,0.06552554,0.44410074,42
001430,4,30,34,4,False,1,0.39560968,0.24665691,0.37513497,30
001439,3,39,39,0,True,0,0.39694053,0.19526926,0.39694053,35
001441,3,31,35,4,False,1,0.51120156,0.2111008,0.5100614,31
001445,3,33,32,-1,True,0,0.61922574,0.17460737,0.61922574,36
001446,3,48,45,-3,True,0,0.3887314,0.2221991,0.3887314,41
001452,0,32,39,7,False,2,0.4519429,0.17821963,0.1208042,43
001454,0,37,40,3,True,0,0.5359552,0.29291967,0.5359552,36
001455,0,35,45,10,False,2,0.5395057,0.21613497,0.056683842,41
001458,0,43,46,3,True,0,0.40010014,0.1689269,0.40010014,42
001459,0,40,39,-1,True,0,0.2877679,0.25498495,0.2877679,43
001461,0,49,46,-3,True,0,0.07891035,0.04119715,0.32745993,35
001463,0,30,34,4,False,1,0.5724841,0.21852316,0.5383612,30
001464,0,37,37,0,True,0,0.2171765,0.15113205,0.2171765,33
001467,1,36,39,3,True,0,0.7127046,0.16707231,0.7127046,43
001469,1,35,38,3,True,0,0.09056681,0.06183015,0.09056681,42
001470,1,41,39,-2,True,0,0.23499893,0.15154646,0.23499893,35
001473,1,44,46,2,True,0,0.38010624,0.13568473,0.44490412,42
001475,1,30,39,9,False,3,0.25816244,0.20418896,0.06535535,43
001476,1,34,44,10,False,2,0.6772015,0.13688385,0.019648165,40
001477,2,31,31,0,True,0,0.6866214,0.09838574,0.6866214,35
001478,2,49,46,-3,True,0,0.3073636,0.11834562,0.37175295,42
001479,2,30,30,0,True,0,0.51202637,0.20100704,0.51202637,34
001481,2,33,30,-3,True,0,0.2634452,0.042134833,0.2634452,46
001485,2,41,42,1,True,0,0.62913054,0.22264653,0.62913054,46
001486,2,37,39,2,True,0,0.66429406,0.21207637,0.66429406,35
001489,3,37,37,0,True,0,0.6367107,0.24211611,0.6367107,33
001492,3,38,42,4,False,2,0.19598322,0.15517749,0.17659001,46
001494,3,47,46,-1,True,0,0.30065244,0.20776838,0.32598013,42
001495,2,35,36,1,True,0,0.36117214,0.20077442,0.36117214,40
001496,2,45,46,1,True,0,0.4032807,0.18226856,0.42941448,42
001497,2,48,46,-2,True,0,0.20377757,0.11088442,0.29729742,42
001498,2,47,46,-1,True,0,0.14705476,0.0980818,0.269277,42
001500,1,45,46,1,True,0,0.21079874,0.058614727,0.31310117,42
