montage,row,vid,onset
m000,1,000531,31
m000,2,000862,39
m000,3,001171,38
m000,4,000330,38
m001,1,000712,41
m001,2,000593,35
m001,3,000059,32
m001,4,000340,32
m002,1,000787,43
m002,2,000346,39
m002,3,000507,41
m002,4,001131,34
m003,1,001208,38
m003,2,000408,42
m003,3,001349,33
m003,4,001297,42
m004,1,000143,39
m004,2,001261,31
m004,3,000431,43
m004,4,001042,38
m005,1,001405,37
m005,2,000411,38
m005,3,000840,41
m005,4,000210,30
m006,1,000037,34
m006,2,000115,33
m006,3,000912,36
m006,4,000112,43
m007,1,000214,30
m007,2,000681,35
m007,3,001073,39
m007,4,000814,34
m008,1,001194,42
m008,2,001120,32
m008,3,000965,38
m008,4,000733,30
m009,1,000669,33
m009,2,001363,33
m009,3,001403,31
m009,4,000105,31
m010,1,000937,30
m010,2,000657,44
m010,3,001481,33
m010,4,000289,41
m011,1,000884,30
m011,2,001352,34
m011,3,001489,37
m011,4,000421,39
m012,1,001470,41
m012,2,000751,40
m012,3,001324,41
m012,4,001048,44
m013,1,001163,40
m013,2,000463,30
m013,3,000525,32
m013,4,001279,37
m014,1,001177,34
m014,2,001027,42
m014,3,001105,35
m014,4,001496,45
m015,1,000010,31
m015,2,000689,41
m015,3,000707,38
m015,4,000175,30
m016,1,000438,35
m016,2,001159,39
m016,3,000084,42
m016,4,000727,42
m017,1,001268,43
m017,2,000706,41
m017,3,000666,45
m017,4,000201,30
m018,1,000205,30
m018,2,000241,31
m018,3,000134,32
m018,4,000698,43
m019,1,000069,43
m019,2,000376,30
m019,3,000065,39
m019,4,000227,39
m020,1,000044,34
m020,2,000692,32
m020,3,000603,39
m020,4,000460,34
m021,1,000053,33
m021,2,001166,34
m021,3,000580,43
m021,4,001439,39
m022,1,000784,33
m022,2,000014,44
m022,3,000688,38
m022,4,000254,30
m023,1,000062,43
m023,2,000381,32
m023,3,000258,45
m023,4,000281,39
m024,1,000576,35
m024,2,000861,33
m024,3,000050,38
m024,4,000654,40
