vid,contact_offset,confidence,onset
000531,0.0,MEDIUM,31
000862,0.0,HIGH,39
001171,0.0,MEDIUM,38
000330,0.0,LOW,38
000712,,LOW,41
000593,,LOW,35
000059,,LOW,32
000340,,LOW,32
000787,0.0,MEDIUM,43
000346,0.0,HIGH,39
000507,,LOW,41
001131,0.0,MEDIUM,34
001208,0.0,HIGH,38
000408,0.0,MEDIUM,42
001349,,LOW,33
001297,,LOW,42
000143,2.0,LOW,39
001261,0.0,HIGH,31
000431,1.0,MEDIUM,43
001042,0.0,MEDIUM,38
001405,2.0,LOW,37
000411,,LOW,38
000840,0.0,HIGH,41
000210,3.0,MEDIUM,30
000037,0.0,MEDIUM,34
000115,0.0,MEDIUM,33
000912,,LOW,36
000112,1.0,MEDIUM,43
000214,2.0,LOW,30
000681,1.0,MEDIUM,35
001073,,LOW,39
000814,0.0,LOW,34
001194,0.0,MEDIUM,42
001120,0.0,MEDIUM,32
000965,1.0,MEDIUM,38
000733,0.0,HIGH,30
000669,,LOW,33
001363,,LOW,33
001403,2.0,LOW,31
000105,,LOW,31
000937,1.0,MEDIUM,30
000657,1.0,LOW,44
001481,,LOW,33
000289,0.0,MEDIUM,41
000884,0.0,LOW,30
001352,,LOW,34
001489,0.0,HIGH,37
000421,0.0,HIGH,39
